FAR.Description,0
091,0.7024190679473497
121,2.337620578778135
125,0.0
129,4.7212543554006965
133,0.7333333333333333
135,1.203369434416366
137,0.4003813155386082
ARMF,0.25
"Non-U.S., Commercial",5.691620111731844
"Non-U.S., Non-Commercial",1.8725413060582219
Public Use,0.9659090909090909
Unknown,1.6988416988416988
