Number of engines,Total fatal injuries,Total serious injuries,Total minor injuries,Total uninjured,Total passengers,Percentage chance of fatal injury,Percentage chance of serious injuries,Percentage chance of minor injuries,Percentage chance of being uninjured,Overall chance of injury
0.0,308.0,242.0,243.0,2383.0,3176.0,9.697732997481108,7.619647355163728,7.651133501259445,75.03148614609572,24.96851385390428
1.0,30171.0,13344.0,16781.0,136030.0,196326.0,15.367806607377524,6.796858286727178,8.547517903894542,69.28781720200075,30.712182797999247
2.0,9372.0,3040.0,4099.0,178532.0,195043.0,4.805094261265465,1.5586306609311793,2.101587854985824,91.53468722281754,8.465312777182469
3.0,769.0,325.0,1148.0,50600.0,52842.0,1.4552817834298475,0.6150410658188562,2.1725142878770676,95.75716286287422,4.242837137125772
4.0,1655.0,227.0,483.0,40500.0,42865.0,3.86095882421556,0.5295695789105331,1.1267934212061121,94.48267817566779,5.517321824332205
