Region,0
Midwest,1.3703308431163288
Northeast,2.4641509433962265
South,1.5397189561227416
Unknown,7.09308176100629
West,1.633532140490391
