Region,0
Midwest,1.8915525114155252
Northeast,3.8816326530612244
South,1.861234882240611
Unknown,10.290526315789474
West,1.997697620874904
