FAR description,0
091,1.3553875236294897
121,2.201171875
125,0.0
129,10.727272727272727
133,2.0
135,0.8148148148148148
"Non-U.S., Commercial",13.007751937984496
"Non-U.S., Non-Commercial",2.4186046511627906
Public Use,1.7
Unknown,2.945888754534462
